﻿<SOUI title="mesagebox" width="200" height="100" appwin="0" frame_size="40,30,10,80" minsize="300,100" resize="0" translucent="1" >
  <root class="cls_dlg_frame">
    <caption id="101" pos="0,0,-0,29">
      <text pos="11,9" class="cls_txt_red" name="msgtitle" >title</text>
      <imgbtn id="1" skin="btn_sys_close"    pos="-45,0" tip="close"/>
    </caption>

    <window pos="5,30,-5,-50">
      <icon name="msgicon" pos="0,0,32,32"/>
      <text name="msgtext" pos="35,0" crtext="0000FF" multilines="1" maxwidth="300"/>
    </window>
    <window pos="0,-50,-0,-0" name="btn1panel">
      <button pos="|-50,10,|50,-10" name="button1st" class="normalbtn">button1</button>
    </window>
    <window pos="0,-50,-0,-0" name="btn2panel">
      <button pos="|-100,10,|-10,-10" name="button1st" class="normalbtn">button1</button>
      <button pos="|10,10,|100,-10" name="button2nd" class="normalbtn">button2</button>
    </window>
    <window pos="0,-50,-0,-0" name="btn3panel">
      <button pos="|-140,10,|-50,-10" name="button1st" class="normalbtn">button1</button>
      <button pos="|-45,10,|45,-10" name="button2nd" class="normalbtn">button2</button>
      <button pos="|50,10,|140,-10" name="button3rd" class="normalbtn">button3</button>
    </window>
  </root>
</SOUI>




