﻿<SOUI name="dlg_main" title="SOUI-DEMO version:%ver%" bigIcon="LOGO:32" smallIcon="LOGO:16" width="600" height="400" appWnd="1" margin="5,5,5,5"  resizable="1" translucent="1" >
  <root class="cls_dlg_frame" cache="1">
    <caption pos="0,0,-0,30" show="1" font="adding:8">
      <icon pos="10,8" src="LOGO:16"/>
      <text class="cls_txt_red">SOUI-DEMO version:%ver%</text>
      <imgbtn id="1" skin="_skin.sys.btn.close"    pos="-45,0" tip="close" animate="1"/>
      <imgbtn id="2" skin="_skin.sys.btn.maximize"  pos="-83,0" animate="1" />
      <imgbtn id="3" skin="_skin.sys.btn.restore"  pos="-83,0" show="0" animate="1" />
      <imgbtn id="5" skin="_skin.sys.btn.minimize" pos="-121,0" animate="1" />
      <imgbtn name="btn_menu" skin="skin_btn_menu" pos="-151,2" animate="1" />
    </caption>
    <tabctrl pos="5,30,-5,-5" show="1" curSel="0" focusable="0" inset="10,0,3,0" animateSteps="10" tabHeight="75" tabSkin="skin_tab_main" text-y="50" iconSkin="skin_page_icons" icon-x="10">
      <page title="listctrl">
        <listctrl name="lc_test" pos="10,0,-10,-10" itemHeight="20" headerHeight="30" cache="1" cursor="CUR_TST">
          <header align="left" itemSwapEnable="1" fixWidth="0" sortHeader="1">
            <items>
              <item width="150">name</item>
              <item width="150">gender</item>
              <item width="150">age</item>
              <item width="150">score</item>
            </items>
          </header>
        </listctrl>
      </page>
      <page title="webkit">
        <include src="layout:page_webkit"/>
      </page>
      <page title="flash">
        <flash pos="0,0,-0,-0" name="ctrl_flash" url="http://swf.sc.chinaz.com//Files//DownLoad//flash2//201401//flash2524.swf" delay="1"/>
      </page>
      <page title="gif">
        <gifplayer pos="10,10" skin="gif_horse" name="giftest" cursor="ANI_ARROW"/>
        <button width="150" height="30" name="btnSelectGif">load gif file</button>
        <gifplayer pos="10,150" skin="gif_penguin"/>
        <icon pos="10,300" src="LOGO:64"/>
      </page>
      <page title="layout">
        <include src="layout:page_layout"/>
      </page>
      <page title="treebox">
        <include src="layout:page_treebox"/>
      </page>
      <page title ="misc.">
        <include src="layout:page_misc"/>
      </page>
      <page id="119" title="treectrl">
        <include src="layout:page_treectrl"/>
      </page>
    </tabctrl>
  </root>
</SOUI>
