﻿<include>
  <tabctrl pos="0,0,-0,-0" tabAlign="left" tabSkin="skin_tab_left" spliterSkin="skin_tab_left_splitter" tabWidth="200" iconSkin="skin_small_icons" icon-x="5" icon-y="8">
    <page title="check and radio" colorBorder="#ff0000" margin-x="1" margin-y="1">
      <check id="1300" pos="40,20" colorText="#ff0000" state="4">test1</check>
      <check id="1301" pos="40,70" check="1">test2</check>
      <window pos="0,90,-70,-0" >
        <radio id="1303" pos="10,10">radio1</radio>
        <radio id="1304" pos="110,10" check="1">radio2</radio>
        <radio id="1305" pos="10,60">radio3</radio>
        <radio id="1306" pos="110,60">radio4</radio>
      </window>
    </page>
    <page title="edit and hotkey" colorBorder="#ff0000" margin-x="1" margin-y="1">
      <text pos="50,20">hotkey 1:</text>
      <hotkey name="ctrl_hk1" width="200" height="25" class="cls_edit"/>
      <text pos="50,[5">hotkey 2:</text>
      <hotkey name="ctrl_hk2" width="200" height="25" class="cls_edit"/>
      <text pos="50,[5">single line edit:</text>
      <edit width="150" height="35" font="adding:10">scroll edit</edit>
      <text pos="50,[5">richedit:</text>
      <richedit pos="50,[5,-5,-5" class="cls_edit" multiLines="1" vscrollBar="1" wantReturn="1" rtf="rtf:rtf_test">this is a richedit.中文也可以初始化。</richedit>
    </page>
    <page title="buttons" colorBorder="#ff0000" margin-x="1" margin-y="1">
      <button name="btn_msgbox" pos="10,50" width="200" height="30" accel="ctrl+alt+f9" animate="1">show msg box</button>
      <text pos="10,[5">press "ctrl+alt+f9" to activate the msgbox button</text>
      <link pos="10,130" maxWidth="100" class="cls_btn_weblink" dotted="1" href="www.setoutsoft.cn">www.setoutsoft.cn</link>
      <img pos="10,200,@100,@100" skin="skin_page_icons" iconIndex="2" tip="img tip" msgTransParent="0"/>
      <text pos="10,[5" multiLines="1">the image show how to handle message in SImageWnd,\n you can do it by simply setting msgTransParent to 0</text>
    </page>
    <page title="prog and slider" colorBorder="#ff0000" margin-x="1" margin-y="1">
      <progress name="prog_test" pos="200,100,-10,115" value="20" min="0" max="100" showPercent="1"/>
      <sliderbar name="slider_test" pos="%20.5,130" alpha="200" width="200" value="20" min="0" max="100"/>
    </page>
    <page title="script" colorBorder="#ff0000" margin-x="1" margin-y="1">
      <button name="btn_tstevt" pos="|-50,|-15,@100,@30" tip="click me to execute a lua script defined in lua\test.lua">script test</button>
    </page>
    <page title="calendar">
      <calendar pos="0,0,-0,-0" name="mp_test" daySkin="_skin.sys.btn.normal" footerHeight="30">
        <text name="label_today" pos="10,-20"/>
        <button name="btn_today" pos="-50,-25,-5,-0" skin="_skin.sys.btn.normal">today</button>
      </calendar>
    </page>
  </tabctrl>
</include>
