﻿<window pos="50,0,-0,-0">
  <text pos="100,10" pos2type="center">center align1</text>
  <text pos="100,30" pos2type="center">center align align</text>
  <text pos="200,50" pos2type="righttop">align right top</text>
  <text pos="200,70" pos2type="righttop">align right top 2</text>
  <check pos="200,90" pos2type="righttop">check right top</check>
  <check pos="200,110" pos2type="righttop">check right top1235</check>

  <text pos="200,130" class="cls_txt_red">text left top</text>
  <button pos="10,150,@150,@30" name="btn_hidetst">button 1 using @</button>
  <button pos="10,200" width="150" height="30">button 1 using width</button>

  <img name="img_hidetst" skin="icons" iframe="0" pos="300,150" display="0">
    <text crtext="ff0000">text</text>
  </img>
  <img skin="icons" iframe="1" pos="[5,150,-10,-10" />
</window>