﻿<include>
  <treebox pos="0,0,-100,-0" name="tb_test" itemHeight="-1" colorItemBkgnd="#FFFFFF" colorItemSelBkgnd="#cccccc" indent="10">
    <!--itemHeight<=0代表通过EventTBQueryItemHeight事件来获得表项高度-->
    <item expand="0">
      <window size="full,full" colorBkgnd="#ffffff" alpha="100"/>
      <text pos="10,0,100,-0" valign="middle" align="center" colorText="#ff0000">Group 1</text>
      <text>normal text</text>
      <edit pos="[5,0,]-5,20">test edit</edit>
      <button class="normalbtn" pos="300,3,-10,-3">button</button>
      <toggle pos="0,0,20,20" name="switch" skin="_skin.sys.tree.toggle" tip="show how to use switch"/>
      <item>
        <text pos="10,5" colorText="#ff0000" font="underline:1">red test</text>
        <text font="strike:1">normal text</text>
        <button class="normalbtn" pos="300,3,-10,-3" name="btn_in_treebox">button</button>
        <toggle pos="0,5" name="switch" skin="_skin.sys.tree.toggle" tip="show how to use switch"/>
      </item>
      <item  expand="0">
        <text pos="10,5" colorText="#ff0000">red test</text>
        <text>normal text</text>
        <button class="normalbtn" pos="300,3,-10,-3" name="btn_in_treebox" tip="button">button with tip</button>
        <toggle pos="0,5" name="switch" skin="_skin.sys.tree.toggle" tip="show how to use switch"/>
        <item expand="0">
          <text pos="10,5" colorText="#ff0000">red test</text>
          <text>normal text</text>
          <button class="normalbtn" pos="300,3,-10,-3" name="btn_in_treebox">button</button>
          <item>
            <text pos="10,5" colorText="#ff0000">red test</text>
            <text>normal text</text>
            <button class="normalbtn" pos="300,3,-10,-3" name="btn_in_treebox">button</button>
          </item>
        </item>
      </item>
      <item>
        <text pos="10,5" colorText="#ff0000">red test</text>
        <text>normal text</text>
        <button class="normalbtn" pos="300,3,-10,-3" name="btn_in_treebox">button</button>
      </item>
      <item>
        <text pos="10,5" colorText="#ff0000">red test</text>
        <text>normal text</text>
        <button class="normalbtn" pos="300,3,-10,-3" name="btn_in_treebox">button</button>
      </item>
      <item>
        <text pos="10,5" colorText="#ff0000">red test</text>
        <text>normal text</text>
        <button class="normalbtn" pos="300,3,-10,-3" name="btn_in_treebox">button</button>
      </item>
    </item>
    <item>
      <window size="full,full" colorBkgnd="#0000ff" alpha="100"/>
      <text pos="10,0,100,-0" valign="middle" align="center" colorText="#ff0000">group2</text>
      <text>normal text</text>
      <edit pos="[5,0,]-5,20">test edit</edit>
      <button class="normalbtn" pos="300,3,-10,-3">button</button>
      <toggle pos="0,0,20,20" name="switch" skin="_skin.sys.tree.toggle" tip="show how to use switch"/>
      <item>
        <text pos="10,5" colorText="#ff0000" font="underline:1">red test</text>
        <text font="strike:1">normal text</text>
        <button class="normalbtn" pos="300,3,-10,-3" name="btn_in_treebox">button</button>
        <toggle pos="0,5" name="switch" skin="_skin.sys.tree.toggle" tip="show how to use switch"/>
      </item>
      <item>
        <text pos="10,5" colorText="#ff0000">red test</text>
        <text>normal text</text>
        <button class="normalbtn" pos="300,3,-10,-3" name="btn_in_treebox" tip="button">button with tip</button>
        <toggle pos="0,5" name="switch" skin="_skin.sys.tree.toggle" tip="show how to use switch"/>
        <item expand="0">
          <text pos="10,5" colorText="#ff0000">red test</text>
          <text>normal text</text>
          <button class="normalbtn" pos="300,3,-10,-3" name="btn_in_treebox">button</button>
          <item>
            <text pos="10,5" colorText="#ff0000">red test</text>
            <text>normal text</text>
            <button class="normalbtn" pos="300,3,-10,-3" name="btn_in_treebox">button</button>
          </item>
        </item>
      </item>
      <item>
        <text pos="10,5" colorText="#ff0000">red test</text>
        <text>normal text</text>
        <button class="normalbtn" pos="300,3,-10,-3" name="btn_in_treebox">button</button>
      </item>
      <item>
        <text pos="10,5" colorText="#ff0000">red test</text>
        <text>normal text</text>
        <button class="normalbtn" pos="300,3,-10,-3" name="btn_in_treebox">button</button>
      </item>
      <item>
        <text pos="10,5" colorText="#ff0000">red test</text>
        <text>normal text</text>
        <button class="normalbtn" pos="300,3,-10,-3" name="btn_in_treebox">button</button>
      </item>
    </item>
  </treebox>
</include>