﻿<include>
  <tabctrl pos="0,0,-0,-0" tabAlign="left" tabSkin="skin_tab_left" tabInterSkin="skin_tab_left_splitter" tabInterSize="2" tabWidth="200" iconSkin="skin_small_icons" icon-x="5" icon-y="8">
    <page title="script" colorBorder="#ff0000" margin-x="1" margin-y="1">
      <include src="layout:page_script"/>
    </page>
    <page title="drag drop">
      <edit name="edit_drop_top" pos="10,10,-10,]-10" cueText="draging a file to me to see what will happen"/>
      <text pos ="10,|0" offset="0,-0.5" colorText="RGB(255,0,0)"  colorBkgnd="RGB(0,255,0)">show how to implement dragdrop in soui</text>
      <edit name="edit_drop_bottom" pos="10,[10,-10,-10" cueText="draging a file to me to see what will happen"/>
    </page>
    <page title="animation" font="adding:10" clipClient="1">
      <text pos="|0,|0" offset="-0.5,-0.5" colorText="#ff0000">动画效果只在Vista及以上版本的操作系统能够演示</text>
      <!--注意在uianimationwnd元素中指定bkgndBlend为0还是1对性能影响-->
      <uianimationwnd pos="0,0,-0,-0" icon="skin_small_icons" aniMode="imgx:png_animode"  colorBkgnd="#cccccc" bkgndBlend="0"/>
      <text pos="|0,20" offset="-0.5,0" colorText="#ff0000">SOUI动画演示</text>
    </page>
    <page title="flywnd">
      <window pos="0,0,-0,-0" clipClient="1" skin="skin_bkgnd" cache="1">
        <flywnd name="leftpane" pos="0,10,@210,-10" posEnd="0,10,@210,-10" offsetEnd="-0.9524,0" alpha="100" layeredWindow="1">
          <!--左边自动隐藏窗口,200/210=0.9524-->
          <window pos="0,0,-10,-0" colorBkgnd="#ff0000">
            <include src="layout:treectrl"/>
            <text pos="10,-100,-0,@100" multilines="1">click the right grip to \nshow or hide the \npane</text>
          </window>
          <toggle pos="-10,|-15,-0,@30" skin="skin_btn_expand" name="switch" cursor="hand" tip="click me to show the animator that show or hide the pane"></toggle>
        </flywnd>
        <flywnd name="rightpane" pos="-210,10,-0,-10" posEnd="-10,10,@210,-10" alpha="100" layeredWindow="1">
          <!--右边自动隐藏窗口-->
          <toggle pos="0,|-15,@10,@30" skin="skin_btn_expand" name="switch" cursor="hand" tip="click me to show the animator that show or hide the pane"></toggle>
          <window pos="10,0,-0,-0" colorBkgnd="#ff0000">
            <include src="layout:treectrl"/>
            <text pos="10,-100,-0,@100" multilines="1">click the left grip to \nshow or hide the \npane</text>
          </window>
        </flywnd>
      </window>
    </page>
    <page title="smiley" >
      <window pos="0,5,-0,@30">
        <button name="btn_insert_gif" pos="5,0,@120,@25" id="#id_test1">insert gif</button>
        <button name="btn_append_msg" pos="[5,0,@120,@25">append format msg</button>
        <button name="btn_richedit_open" pos="[5,0,@120,@25">open from rtf</button>
        <button name="btn_richedit_save" pos="[5,0,@120,@25">save to rtf</button>
      </window>
      <chatedit name="re_gifhost" pos="5,[5,-5,-5" bkgndBlend="1" class="cls_edit" enableDragdrop="1" multiLines="1" vscrollBar="1" sbSkin="skin_vscrollbar" wordWrap="1"  autoVscroll="1" hscrollBar="0" wantReturn="1"  rtf="rtf:rtf_test"/>
    </page>
    <page title="iectrl">
      <text pos="|0,|0" offset="-0.5,-0.5" colorText="#ff0000">IE CTRL需要窗口句柄，在半透明宿主上不能正常显示</text>
      <iectrl size="full,full" url="http://www.baidu.com"/>
    </page>
    <page title="calendar2">
      <calendar2 pos="0,0,-0,-0" name="mp_test" hasLunar="1" headerSkin="skin_btn_curve" titleSkin="skin_btn_curve" footerSkin="skin_btn_semiarc" daySkin="skin_png_radio_button" colorBorder="RGB(237,243,247)" footerHeight="30" preMonSkin="cal_arrow_left" nextMonSkin="cal_arrow_right"  prevYearSkin="cal_arrow_left" nextYearSkin="cal_arrow_right" sepMonYearSkin="skin_png_line_1px" MonYearSkin="skin_png_radio_button" bkgSkin="" headerTxtColor="#000000FF">
        <button name="btn_today" pos="-60,-25,-5,-0" skin="cal_btn_day" font="bold:1" >Today</button>
      </calendar2>
    </page>
    <page title="file resource">
      <button name="btn_filewnd" pos="|0,|0,@150,@30" offset="-0.5,-0.5">从文件创建窗口</button>
    </page>
    <page title="apple dock">
      <deskdock pos="0,0,-0,-0" skin="skin_dock_bg"  skin1="skin_png_icon_1" skin2="skin_png_icon_2" skin3="skin_png_icon_3" skin4="skin_png_icon_4"
 skin5="skin_png_icon_5" skin6="skin_png_icon_6" skin7="skin_png_icon_7" skin8="skin_png_icon_8" skin9="skin_png_icon_9" skin10="skin_png_icon_10" >

        <text pos="|0,|0" offset="-0.5,-0.5" font="font:黑体,bold:2,adding:20" colorText="#ff000066">多点桌面 dock演示 </text>
      </deskdock>
    </page>
    <page title="SetWindowRgn">
      <window name="wnd_rgn" pos="|0,|0,@100,@50" offset="-0.5,-0.5" colorBkgnd="#ff000088" cursor="hand">Region</window>
    </page>
  </tabctrl>
</include>
