﻿<SOUI trCtx="dlg_main" title="SOUI-DEMO version:%ver%" bigIcon="LOGO:32" smallIcon="LOGO:16" width="600" height="400" appWnd="1" margin="5,5,5,5"  resizable="1" translucent="1" alpha="255">
  <skin>
    <!--局部skin对象-->
    <gif name="gif_horse" src="gif:gif_horse"/>
    <gif name="gif_penguin" src="gif:gif_penguin"/>
    <apng name="apng_haha" src="apng:apng_haha"/>
  </skin>
  <style>
    <!--局部style对象-->
    <class name="cls_edit" ncSkin="_skin.sys.border" margin-x="2" margin-y="2" />
  </style>
  <root class="cls_dlg_frame" cache="1">
    <caption pos="0,0,-0,30" show="1" font="adding:8">
      <icon pos="10,8" src="LOGO:16"/>
      <text class="cls_txt_red">SOUI-DEMO version:%ver%</text>
      <imgbtn id="1" skin="_skin.sys.btn.close"    pos="-45,0" tip="close" animate="1"/>
      <imgbtn id="2" skin="_skin.sys.btn.maximize"  pos="-83,0" animate="1" />
      <imgbtn id="3" skin="_skin.sys.btn.restore"  pos="-83,0" show="0" animate="1" />
      <imgbtn id="5" skin="_skin.sys.btn.minimize" pos="-121,0" animate="1" />
      <imgbtn name="btn_menu" skin="skin_btn_menu" pos="-151,2" animate="1" />
    </caption>
    <tabctrl name="tab_main" pos="5,30,-5,-5" show="1" curSel="0" focusable="0" animateSteps="10" tabHeight="75" tabSkin="skin_tab_main" text-y="50" iconSkin="skin_page_icons" icon-x="10">
      <page title="soui ctrl">
        <include src="layout:page_ctrls"/>
      </page>
      <page title="教程" tip="show webkit based on WKE">
        <include src="layout:page_webkit"/>
      </page>
      <page title="flash" tip="windowless flash control">
        <flash pos="0,0,-0,-0" name="ctrl_flash" url="http://127.0.0.1:82/flash/apple.swf" delay="1"/>
      </page>
      <page title="animate" tip="play gif and apng">
        <gifplayer pos="10,10" skin="gif_horse" name="giftest" cursor="ANI_ARROW"/>
        <button width="250" height="30" name="btnSelectGif">load gif file</button>
        <gifplayer pos="10,150" skin="gif_penguin"/>
        <icon pos="[10,{0" src="LOGO:64"/>
        <gifplayer pos="[10,{0" skin="apng_haha" />
        <text pos="{0,[10" colorText="#ff0000">Pay attention! apng would be played only if imgdecoder-png is used here!</text>
      </page>
      <page title="layout" tip="show layout capability in soui">
        <include src="layout:page_layout"/>
      </page>
      <page title="treebox">
        <include src="layout:page_treebox"/>
      </page>
      <page title ="misc." tip="many features, just find it.">
        <include src="layout:page_misc"/>
      </page>
      <page title="skia" tip="demo skia advance features">
        <include src="layout:page_skia"/>
      </page>
      <page title="about" tip="copy right(c) setoutsoft 2014.">
        <include src="layout:page_about"/>
      </page>
    </tabctrl>
  </root>
</SOUI>
