<?xml version="1.0" encoding="utf-8"?>
<UIDEF>
  <font face="微软雅黑" size="18"/>
  
  <string>
    <ver value="1.0"/>
  </string>
  
  <skin>
    <!--全局skin对象-->
    <imglist name="skin_page_icons"	src="imgx:png_page_icons" states="9" alpha="100"/>
    <imglist name="skin_small_icons" src="imgx:png_small_icons" states="12"/>
    <imglist name="skin_tree_icon"		src="imgx:png_treeicon" states="3"/>

    <imglist name="skin_menuicon" src="imgx:png_small_icons" states="12"/>
    <imglist name="skin_webbtn_back" src="imgx:webbtn_back" states="4"/>
    <imglist name="skin_webbtn_forward" src="imgx:webbtn_forward" states="4"/>
    <imglist name="skin_webbtn_refresh" src="imgx:webbtn_refresh" states="4"/>
    <imglist name="skin_tab_left" src="imgx:png_tab_left" states="3"/>
    <imglist name="skin_tab_left_splitter" src="imgx:png_tab_left_splitter"/>
    <imglist name="skin_tab_main" src="imgx:png_tab_main" states="3"/>
    <imglist name="skin_btn_menu" src="imgx:btn_menu" states="3"/>
    <imglist name="skin_propswitch" src="imgx:png_propswitch" states="4"/>

  </skin>

  <style>
    <!--全局style对象-->
    <class name="cls_dlg_frame" skin="_skin.sys.wnd.bkgnd" font="" colorText="#000000" margin-x="0"/>

    <class name="cls_btn_link"    cursor="hand" colorHover="#0A84D2" />
    <!--定义文字按钮的样式-->
    <class name="cls_btn_weblink" cursor="hand" colorText="#1e78d5" colorTextHover="#1e78d5" font="italic:1" fontHover="underline:1,italic:1" />

    <class name="cls_txt_red"     font="face:宋体,bold:1"  colorText="#FF0000" />
    <!--定义白色粗体宋体-->
    <class name="cls_txt_black"   font="face:宋体,bold:1"  colorText="#000000" />
    <!--定义黑色粗体宋体-->
    <class name="cls_txt_white"   font="face:宋体,bold:1"  colorText="#FFFFFF" />
    <!--定义白色粗体宋体-->

    <class name="normalbtn" font="" colorText="#385e8b" colorTextDisable="#91a7c0" textMode="25" cursor="hand" margin-x="0"/>

    <class name="toptext" textMode="20" />
    <class name="vcentertext" textMode="24"/>
    <class name="rightvcentertext" textMode="26"/>
    <class name="centertext" textMode="25"/>
    <class name="righttext" textMode="22"/>

    <class name="linkimage" cursor="hand"/>

  </style>

  <objattr>
    <!--控件默认属性-->
    <button class="normalbtn"/>
    <imgbtn class="linkimage"/>
    <tabctrl colorText="#000000" tabAlign="top" tabWidth="70" tabHeight="38" tabInterSize="0" tabPos="10" dotted="1"/>
    <edit transParent="1" margin-x="2" margin-y="2"/>
    <treectrl colorItemBkgnd="#FFFFFF" colorItemSelBkgnd="#000088" colorItemText="#000000" colorItemSelText="#FFFFFF" indent="17" itemMargin="4"/>
  </objattr>
</UIDEF>