﻿<include>
  <treebox pos="0,0,-100,-0" name="mytree" itemHeight="30" colorItemBkgnd="#FFFFFF" colorItemSelBkgnd="#cccccc" indent="10">
    <item>
      <text pos="10,0,100,-0" valign="middle" align="center" colorText="#ff0000">red test</text>
      <text>normal text</text>
      <edit pos="[5,0,]-5,20">test edit</edit>
      <button class="normalbtn" pos="300,3,-10,-3">button</button>
      <item>
        <text pos="10,5" colorText="#ff0000" font="underline:1">red test</text>
        <text font="strike:1">normal text</text>
        <button class="normalbtn" pos="300,3,-10,-3">button</button>
      </item>
      <item>
        <text pos="10,5" colorText="#ff0000">red test</text>
        <text>normal text</text>
        <button class="normalbtn" pos="300,3,-10,-3">button</button>
        <item>
          <text pos="10,5" colorText="#ff0000">red test</text>
          <text>normal text</text>
          <button class="normalbtn" pos="300,3,-10,-3">button</button>
          <item>
            <text pos="10,5" colorText="#ff0000">red test</text>
            <text>normal text</text>
            <button class="normalbtn" pos="300,3,-10,-3">button</button>
          </item>
        </item>
      </item>
      <item>
        <text pos="10,5" colorText="#ff0000">red test</text>
        <text>normal text</text>
        <button class="normalbtn" pos="300,3,-10,-3">button</button>
      </item>
      <item>
        <text pos="10,5" colorText="#ff0000">red test</text>
        <text>normal text</text>
        <button class="normalbtn" pos="300,3,-10,-3">button</button>
      </item>
      <item>
        <text pos="10,5" colorText="#ff0000">red test</text>
        <text>normal text</text>
        <button class="normalbtn" pos="300,3,-10,-3">button</button>
      </item>
    </item>
  </treebox>
</include>