﻿<include>
  <tabctrl pos="0,0,-0,-0" tabAlign="left" tabSkin="skin_tab_left" tabInterSkin="skin_tab_left_splitter" tabInterSize="2" tabWidth="200" iconSkin="skin_small_icons" icon-x="5" icon-y="8">
    <page title="script" colorBorder="#ff0000" margin-x="1" margin-y="1">
      <button name="btn_tstevt" pos="|-50,|-15,@100,@30" tip="click me to execute a lua script defined in lua\test.lua">script test</button>
    </page>
    <page title="drag drop">
      <edit name="edit_drop_top" pos="10,10,-10,]-10" cueText="draging a file to me to see what will happen"/>
      <text pos ="10,|0" pos2type="leftMid" colorText="RGB(255,0,0)"  colorBkgnd="RGB(0,255,0)">show how to implement dragdrop in soui</text>
      <edit name="edit_drop_bottom" pos="10,[10,-10,-10" cueText="draging a file to me to see what will happen"/>
    </page>
  </tabctrl>
</include>
