﻿<include>
  <imgbtn pos="0,0" name="btn_webkit_back" skin="skin_webbtn_back"/>
  <imgbtn pos="[5,0," name="btn_webkit_fore" skin="skin_webbtn_forward"/>
  <imgbtn pos="[5,0," name="btn_webkit_refresh" skin="skin_webbtn_refresh"/>
  <edit pos="[5,0,-100,25" class="cls_edit" name="edit_url">www.baidu.com</edit>
  <button pos="-80,0,-0,25" name="btn_webkit_go">go</button>
  <text pos="0,30,-0,-0" align="center">没有找到wke.dll,请将third-part\wke\wke.7z解压到bin目录。</text>
  <wkeWebkit pos="0,30,-0,-0" url="www.baidu.com" name="wke_test"/>
</include>