﻿<config>
<skins>
  <imgframe name="dlg_frame"  src="IDP_MAIN_DLG_FRAME" left="5" right="5" top="40" bottom="40"/>
 
  <imglst name="btn_sys_close"    src="IDP_BTN_SYS_CLOSE" subwidth="38" />

  <imglst name="tabskin_default" src="IDP_TAB_COMMON" subwidth="94"/>
    <scrollbar name="sb_common" src="IDP_SCROLL" magin="3"/>

  <button name="normalbtn" border="7D9EBC" bg="FBFCFD" bgup="FEFEFE" 
			bgdown="C6E2FD" bguphover="FEFEFE" bgdownhover="DBEDFE" 
			bguppush="C6E2FD" bgdownpush="FEFEFE"/>

  <imgframe name="skin_editnc" src="IDP_EDIT_BORDER" subwidth="26" left="2" top="2"/>
</skins>

<objattr>
	<button class="normalbtn"/>
	<imgbtn class="linkimage"/>
	<tabctrl tabskin="tabskin_default" crtext="000000" align="top" tabwidth="94" tabheight="38" tabspacing="0" tabpos="10"/>
	<div sbskin="sb_common" sbwid="16"/>
	<edit transparent="1" class="cls_edit" />
</objattr>

<style>
  <class name="cls_dlg_frame" skin="dlg_frame" font="0000" crtext="FFFFFF" x-margin="0"/>

	<class name="normalbtn" skin="normalbtn" font="0000" crtext="385e8b" crdisabled="91a7c0" textmode="25" cursor="hand" x-margin="0"/>

	<class name="linkimage" cursor="hand"/>

  	<class name="cls_edit" x-margin="2" y-margin="2" ncskin="skin_editnc"/>
</style>

</config>